,images
0,2mg87.png
1,4m2w5.png
2,3bnyf.png
3,3p4nn.png
4,5mcy7.png
5,5ep3n.png
6,3xcgg.png
7,5g5e5.png
8,2fxgd.png
9,5gcd3.png
10,5bgp2.png
11,3pe4g.png
12,3ndxd.png
13,3n7mx.png
14,5fyem.png
15,4c8n8.png
16,3x5fm.png
17,5bb66.png
18,4fp5g.png
19,4ynf3.png
20,3n3cf.png
21,3w2bw.png
22,3p67n.png
23,3nfdn.png
24,4fc36.png
25,2gyb6.png
26,4yc85.png
27,3c7de.jpg
28,5dxnm.png
29,3n2b4.png
30,3ym7f.png
31,4d22m.png
32,3nw7w.png
33,5expp.png
34,2nbcx.png
35,3ebnn.png
36,2enf4.png
37,2ycn8.png
38,3ebpw.png
39,2w4y7.png
40,5bg8f.png
41,4w6mw.png
42,4w76g.png
43,2g7nm.png
44,3bd8f.png
45,4dw3w.png
46,3den6.png
47,3g2w6.png
48,2b827.png
49,3nnpw.png
50,2xc2n.png
51,2wx73.png
52,4f8yp.png
53,2cgyx.png
54,2cg58.png
55,2wc38.png
56,4dgf7.png
57,2yggg.png
58,4gb3f.png
59,4exnn.png
60,3x325.png
61,5f3gf.png
62,3cpwb.png
63,2npg6.png
64,3ye2e.png
65,2p2y8.png
66,3bx86.png
67,2mpnn.png
68,3b4we.png
69,2nbc5.jpg
70,4b2pw.png
71,2bg48.png
72,2pfpn.png
73,2n73f.png
74,4cfw8.png
75,4ycex.png
76,3fbxd.png
77,3ny45.png
78,4egem.png
79,3xng6.png
80,2x7bm.png
81,2nx38.png
82,3bnfnd.png
83,3eny7.png
84,3wnd3.png
85,4gycb.png
86,4nc37.png
87,4n2yg.png
88,4n3mn.png
89,4cn7b.png
90,2g783.png
91,2cegf.png
92,3d7bd.png
93,2nf26.png
94,3ygde.png
95,3mxdn.png
96,4nnf3.png
97,5bnd7.png
98,2en7g.png
99,3dgmf.png
